<hibernate-configuration>
<session-factory>
<property name="hibernate.connection.driver_class">org.h2.Driver</property>
<property name="hibernate.connection.url">jdbc:h2:tcp://localhost/~/test</property>
<property name="hibernate.connection.username">sa</property>
  <property name="connection.password"></property>
        
        <property name="hibernate.default_schema">PUBLIC</property>

        <!-- JDBC connection pool (use the built-in) -->
        <property name="connection.pool_size">1</property>

        <!-- SQL dialect -->
        <property name="dialect">org.hibernate.dialect.H2Dialect</property>

        <!-- Disable the second-level cache  -->
        <property name="cache.provider_class">org.hibernate.cache.internal.NoCacheProvider</property>

        <!-- Echo all executed SQL to stdout -->
        <property name="show_sql">true</property>

        <!-- Drop and re-create the database schema on startup -->
        <property name="hbm2ddl.auto">update</property>
<mapping class="mobilestorebackend.model" />
</session-factory>
</hibernate-configuration>